#atl,30
#atlanta,30
#bjcbranding,30
#buddypress,30
#career,30
#design,30
#dev,30
#drupal,90
#edocr,30
#eecms,60
#enginehosting,30
#freelance,210
#freelancer,30
#ga,30
#howto,30
#integration,30
#internetmarketing,30
#interspire,60
#javascript,90
#job,210
#jobs,120
#jobs4u,30
#jquery,60
#lightweight,30
#linux,30
#logo,30
#mandrill,90
#mysql,30
#newsletters,30
#photoshopdesign,30
#php,90
#plone,60
#plugin,30
#plugins,30
#project,30
#python,30
#redhen,30
#selfinducedcannibalization,30
#sendgrid,30
#templates,30
#timetomoveon,30
#transactional,30
#wcmelb,60
#wordpress,60
#wp,30
$0,30
$97,30
003,30
004,30
053,90
1,90
1019,30
1022,30
1025,30
1029,30
12k,30
184,30
30,30
3rdparty,30
40,30
5,30
943,30
=,60
@,30
@aalbertson,30
@abhijeetmk,30
@adrienneleigh,30
@ankeshk,30
@biggoldring,30
@bluehayes,30
@camj59,150
@cemsisman,30
@chrislema,150
@compactcode,30
@devongovett,90
@drupalplanet,30
@dzuelke,60
@edocr,30
@eladlouni,90
@elie,60
@ericcandino,30
@florian,30
@frankioh,30
@freedomwalker77,30
@gidogeek,30
@guillaumepotier,30
@henrik,30
@hiway,30
@icntmx,30
@jeremyweir,30
@josscrowcroft,30
@juanpabloaj,30
@kanonbulle,30
@kennydude,30
@kennyfraser,30
@khiger,30
@levelos,30
@ljharb,30
@mailchimp,120
@mailchimps,60
@mailjet,30
@mandrill,60
@mandrillapp,420
@manojranaweera,30
@marcelosomers,30
@masuga,30
@mattpickett,30
@mattwdelong,30
@meeiw,30
@michaelmior,30
@mnordin,30
@myshoggoth,30
@nathanbowser,30
@nathansmith,60
@reevesman,30
@reubenpressman,30
@richaskew,30
@rodbegbie,30
@rossdeane,30
@sampad,30
@sanjubhambhani,30
@sendgrid,120
@sinue,90
@tamiyadd,30
@thatmarvin,30
@tinyletter,30
@traskjd,30
@treize2,30
@variuxdavid,30
@veroapp,30
@webplatform,30
@wesbos,30
a,1470
able,30
about,270
access,30
account,240
activity,30
add,30
adding,30
additional,90
addresses,30
admon,30
affair,30
after,60
aggregate,30
algorithm,30
all,90
already,90
alternate,30
alternatives,30
amazon,30
among,30
an,180
and,1260
animal,30
any,120
anyone,90
aperturas,30
api,300
app,90
application,30
approach,30
apps,60
ar,30
are,210
area,30
array,30
arrays,30
article,30
as,180
at,600
atau,30
attention,30
auth,30
autom√°tico,30
autom√°ticos,30
autoplay,30
available,30
avec,60
avoid,30
awesome,30
back,30
base,30
based,30
be,210
been,90
before,30
best,60
beware,30
biased,30
bien,60
bit,30
blocked,30
blog,120
both,30
bounce,180
brainstorm,30
bring,30
buat,30
bugs,30
building,30
built,30
bulk,30
bullhorn,30
but,330
by,630
bylo,30
by‚Ä¶,30
called,30
can,600
cannibaliser,30
cannot,30
captcha,30
cc,60
chance,30
change,30
changes,30
cheap,30
check,60
checked,30
cheetah,30
cher,90
chez,30
cleaned,30
cli,60
click,30
client,120
clients,30
cloud,30
com,30
come,30
compar√©,30
competing,30
competitor,30
computing,30
concern,30
confirma√ß√£o,30
confusing,30
considerably,30
contact,30
cool,30
correct,30
could,30
couple,30
coworker,30
crashes,30
crashing,30
critsend,30
css,30
currently,60
custom,30
customersupport,30
customized,30
damazon,30
darn,30
data,60
day,30
de,390
debug,30
decreases,30
defaults,30
delisted,30
delivering,30
delivery,30
depende,30
depends,30
des,30
design,270
designed,30
designer,30
detail,150
details,390
develop,30
developer,30
developers,30
devs,30
dices,30
did,30
didnt,30
digitalocean,30
directly,30
dishes,30
disneys,30
dist,30
do,90
doc,30
docs,30
documenting,30
does,60
domain,30
domains,30
done,30
dont,30
drop,30
dropped,30
drupal,90
dumped,30
e,30
easily,30
easy,30
ecommerce,90
edocrco,30
ee,30
either,30
el,30
elance,30
em,30
email,840
emails,390
emailsmo,30
en,60
enakan,30
engagement,30
engines,30
enquiring,30
entrust,30
envio,30
equivalente,30
error,30
errors,30
es,90
escort,30
eshuys,270
esqueci,30
est,60
esta,30
estimated,30
et,120
etc,60
even,30
every,30
everyone,30
everything,30
ex,30
exactly,30
examples,30
excellently,30
exemple,30
experience,30
facile,30
favor,30
ferramenta,30
fiasco,30
fica,30
find,60
fixes,30
fois,30
for,960
found,30
free,60
friday,30
from,240
fwiw,30
f√∂r,30
geek,30
gem,30
general,60
get,120
gets,30
getting,30
give,90
glad,90
gmail,30
go,60
goes,30
good,90
google,30
gosh,30
green,30
grid,90
guys,30
g√©rer,30
h,60
ha,30
had,150
handling,30
har,30
hard,30
have,540
havent,60
header,30
heads,30
hear,30
help,120
here,120
hi,240
highly,30
hitting,30
holy,30
homepage,30
hooray,30
hotmail,30
how,30
httpjmp10tohxc,30
httpjmp10tohxg,30
hummingbirds,30
h√•ller,30
i,570
idea,30
ideas,30
idem,30
ie,30
if,420
ils,90
im,90
implementation,270
impressed,30
improve,30
in,450
inappropriate,30
inbound,30
including,30
increases,30
increasing,30
info,60
information,30
inline,30
inlining,30
inte,30
integrate,120
integrated,30
integratio,30
integration,240
interacting,30
internetmarketing,30
intersp,30
interspire,90
into,30
investigate,30
ip,30
is,270
isnt,30
issues,240
it,270
its,120
it‚Äôs,30
ive,30
jdu,30
jo,30
job,60
joke,30
jparle,30
jungle,30
just,330
kate281,90
kingdom,30
know,60
knowledge,30
la,60
lack,30
las,30
last,60
lemail,30
lets,30
lev,90
library,90
light,30
lik,30
like,150
line,60
link,30
linode,30
linux,60
list,30
listas,30
listes,30
listing,30
lite,30
live,60
lo,30
login,60
logo,30
look,180
looked,30
looking,240
looks,30
lost,30
love,60
low,30
mail,150
mailchimp,480
mailchimpmandrill,30
mailchimps,60
mailchip,30
mailgunmandrill,30
mailjet,30
mais,30
make,30
makes,30
maldito,30
mamp,30
manage,30
management,30
mande,30
mandrill,2850
mandrillapi,60
mandrillrails,30
mandrill‚Äôs,30
marketing,90
marks,30
mas,30
may,120
me,30
meant,30
measuring,30
med,30
message,60
method,30
might,30
million,60
mind,330
mmm,30
mo,30
module,30
modules,120
moins,30
mois,30
more,150
move,30
much,30
ne,90
neat,30
necesites,30
need,90
needed,90
net,30
new,90
newsletters,300
ni,30
nice,60
no,180
not,180
notes,30
noticed,30
notifications,30
notifica√ß√µes,30
now,90
npm,30
nullmailer,60
o,30
occur,30
of,480
offer,30
official,60
on,240
onetoone,60
only,30
option,30
options,30
or,300
other,30
oui,30
our,150
out,270
outboud,60
over,60
overall,30
owner,30
page,120
par,60
para,90
parler,30
parse,30
parsepowered,30
partners,30
pas,210
password,30
payment,30
pedindo,30
pela,30
pemails,30
performance,30
permettent,30
photo,30
php,30
pictwittercom9oeguxgj4t,30
plans,30
platform,120
plus,30
pmkt,30
point,30
pokemon,30
portion,30
possibly,30
postageapp,30
posted,30
postfix,30
postman,30
postmark,30
power,30
ppl,30
preferred,30
pretty,30
prices,30
pricing,150
prioritization,30
pro,30
probably,60
processing,150
product,90
production,30
profile,30
progress,30
properties,30
provisioning,30
psa,30
psyched,30
push,60
pushing,30
python,60
p√•,60
que,90
question,60
qui,30
quick,30
quota,30
radsi,30
rafiki,30
rails,30
raison,30
reach,30
ready,30
realised,30
really,30
reasons,60
recommendation,30
recommended,30
reduced,30
refreshing,30
relai,30
release,30
released,30
request,480
resets,30
review,30
rock,30
rt,60
ruby,60
runs,30
sale,30
same,60
sans,30
sanu1255,90
sanu1255‚Ä¶,30
saving,30
scalability,30
sea,30
secondary,30
seconds,30
see,90
seeing,120
seem,30
seems,120
send,390
sendgrid,390
sending,150
sendmail,30
sendreceive,30
sengrid,60
senha,30
sent,60
server,90
service,330
services,90
ses,30
set,90
settings,30
several,60
sexual,30
share,30
shit,30
should,60
simple,30
simplified,30
sistema,30
sistemas,30
site,30
sj√§lv,30
smtp,210
so,120
solution,30
some,270
son,30
sorry,30
sort,30
sous,30
spam,60
spat,30
specifically,30
speed,30
spotless,30
stage,30
stand,30
started,30
stats,30
status,30
store,90
straightened,30
strategy,270
submit,180
submitting,300
subscriber,30
success,30
suggestions,30
sunzi,30
support,120
sur,30
sure,30
swapping,30
switch,90
switched,30
sync,30
system,30
s≈çsh,30
t,30
tahdah,30
tak,30
take,60
tal,30
talk,30
tdp,30
team,90
tell,30
template,300
testar,30
thanks,30
that,240
thats,30
the,930
their,60
then,30
there,360
theres,30
these,30
they,30
theyre,30
things,30
thingy,30
thinking,30
this,270
throttling,60
timeline,30
tiny,30
tinyletter,30
tips,30
tittat,30
to,1860
tomorrow,30
too,90
traffic,30
transaccionales,30
transaction,30
transactional,330
transactionnel,30
transport,30
trapny,30
tried,30
triggered,30
troubleshoot,30
try,30
trying,30
tsypin,60
tu,30
tuer,30
txn,30
u,30
ubuntu,90
um,30
un,60
unfortunately,30
unifying,60
unraveled,90
unsubscribed,30
unsupported,30
up,240
updates,60
url,30
urlfetch,30
us,150
use,330
used,30
useful,30
username,60
users,30
using,330
utmsource=devcircleutmmedium=bannerutmcampaign=carbon,30
validationerror,30
vary,30
vero,30
very,90
veulent,60
via,330
volume,30
volumes,30
vou,30
vs,30
w,30
want,120
wanted,30
warmup,30
warning,30
was,90
way,30
we,510
web,30
webhooks,180
website,60
wed,60
week,90
weeks,30
welcome,30
well,150
were,90
weve,90
we‚Äôre,30
whaaat,30
what,300
whats,30
when,90
where,90
which,30
whom,30
why,30
wisest,30
with,1080
wordpress,180
words,30
workflow,30
working,60
works,30
world,30
worth,90
would,150
wpmail,30
y,120
yeah,30
yeap,30
year,30
yep,60
you,570
youd,30
youll,30
your,330
youre,180
zapier,30
|,90
√†,60
√≥,30
√≥tima,30
–≤–æ—Ç,30
—Å–µ—Ä–≤–∏—Å,30
‚Äì,90
‚Äòmigrate‚Äô,30
‚Äúmandrill‚Äù,30
‚Ä¶,540
üåø,30
